USE backoffice;

INSERT INTO Client (client_id, first_name, middle_name, last_name, country, client_type, client_status, tax_id) VALUES
('A3K9X2M7P4', 'John', 'Michael', 'Smith', 'USA', 'INDIVIDUAL', 'ACTIVE', '123-45-6789'),
('B7N4Q8R2L5', 'Sarah', NULL, 'Johnson', 'USA', 'INDIVIDUAL', 'ACTIVE', '987-65-4321'),
('C4P8L3W9T6', 'Robert', 'James', 'Williams', 'CANADA', 'INDIVIDUAL', 'ACTIVE', '456-78-9012'),
('D9R5N2K7J3', 'Emily', 'Anne', 'Davis', 'USA', 'INDIVIDUAL', 'ACTIVE', '234-56-7890'),
('E2W7J4M8Q1', 'Michael', NULL, 'Thompson', 'CANADA', 'INDIVIDUAL', 'ACTIVE', '567-89-0123'),
('F6X1V9H3Y7', 'Victoria', 'Elizabeth', 'Clarke', 'UK', 'INDIVIDUAL', 'ACTIVE', 'QQ123456C'),
('G8Y4K2N9M5', 'BlackRock Inc.', NULL, NULL, 'USA', 'INSTITUTIONAL', 'ACTIVE', '52-1234567'),
('H3Z9T7L4B8', 'Royal Bank of Canada', NULL, NULL, 'CANADA', 'INSTITUTIONAL', 'ACTIVE', '98-7654321'),
('J5N2M8Q6R1', 'Vanguard Group', NULL, NULL, 'USA', 'INSTITUTIONAL', 'ACTIVE', '23-1945930'),
('K7Q8R3V5W2', 'State Street Corporation', NULL, NULL, 'USA', 'INSTITUTIONAL', 'ACTIVE', '04-2456637');

INSERT INTO User (user_id, first_name, middle_name, last_name, username, email, department, role, last_login) VALUES
('U3K9M', 'John', NULL, 'Doe', 'jdoe', 'jdoe@bank.com', 'ACCOUNTS', 'MANAGER', '2025-11-06 09:00:00'),
('U7N4Q', 'Alice', 'Maragret', 'Smith', 'asmith', 'asmith@bank.com', 'OPERATIONS', 'ANALYST', '2025-11-06 08:30:00'),
('U4P8L', 'Michael', 'Pence', 'Jones', 'mjones', 'mjones@bank.com', 'ACCOUNTS', 'MANAGER', '2025-11-05 17:00:00'),
('U9R5N', 'Brian', NULL, 'Wilson', 'bwilson', 'bwilson@bank.com', 'RISK', 'ANALYST', '2025-11-06 10:00:00'),
('U2W7J', 'Kate', NULL, 'Taylor', 'ktaylor', 'ktaylor@bank.com', 'ACCOUNTS', 'MANAGER', '2025-11-06 09:30:00');

INSERT INTO Counterparty (counterparty_id, counterparty_name, counterparty_type, credit_limit, settlement_instructions) VALUES
('C8M2K', 'Goldman Sachs & Co.', 'BROKER-DEALER', 50000000.00, 'DTC: 0005, ABA: 021000021'),
('C3P7L', 'Morgan Stanley', 'BROKER-DEALER', 45000000.00, 'DTC: 0050, SWIFT: MSNYUS33'),
('C9Q4N', 'Citadel Securities', 'MARKET MAKER', 30000000.00, 'DTC: 0099, ABA: 071000152'),
('C5W8J', 'Virtu Financial', 'MARKET MAKER', 25000000.00, 'DTC: 0883, SWIFT: VIRTUS33'),
('C2X6V', 'NYSE', 'EXCHANGE', NULL, 'DIRECT EXCHANGE SETTLEMENT'),
('C7Y3T', 'NASDAQ', 'EXCHANGE', NULL, 'DIRECT EXCHANGE SETTLEMENT'),
('C4Z9R', 'DTCC', 'CLEARING HOUSE', NULL, 'NSCC PARTICIPANT: 0001'),
('C1N5M', 'BNY Mellon', 'CUSTODIAN', 100000000.00, 'DTC: 0901, SWIFT: IRVTUS3N'),
('C6Q2K', 'J.P. Morgan Prime Services', 'PRIME BROKER', 75000000.00, 'DTC: 0902, ABA: 021000021'),
('C8H7B', 'ICE Clear Credit', 'CCP', NULL, 'ICE PARTICIPANT: CC123');

INSERT INTO Security (cusip, symbol, security_name, security_type, exchange) VALUES
('037833100', 'AAPL', 'Apple Inc. Common Stock', 'EQUITY', 'NASDAQ'),
('594918104', 'MSFT', 'Microsoft Corporation', 'EQUITY', 'NASDAQ'),
('023135106', 'AMZN', 'Amazon.com Inc.', 'EQUITY', 'NASDAQ'),
('02079K305', 'GOOGL', 'Alphabet Inc. Class A', 'EQUITY', 'NASDAQ'),
('88160R101', 'TSLA', 'Tesla Inc. Common Stock', 'EQUITY', 'NASDAQ'),
('30303M102', 'META', 'Meta Platforms Inc.', 'EQUITY', 'NASDAQ'),
('91324P102', 'NVDA', 'NVIDIA Corporation', 'EQUITY', 'NASDAQ'),
('46625H100', 'JPM', 'JPMorgan Chase & Co.', 'EQUITY', 'NYSE'),
('92826C839', 'V', 'Visa Inc. Class A', 'EQUITY', 'NYSE'),
('09247X101', 'BRK.B', 'Berkshire Hathaway Inc. Class B', 'EQUITY', 'NYSE'),
('912828ZT0', 'T-2.5-30', 'US Treasury 2.5% 2030', 'BOND', 'OTC'),
('037833AK6', 'AAPL25', 'Apple Inc. 3.25% 2025', 'BOND', 'OTC'),
('594918BG4', 'MSFT27', 'Microsoft Corp. 2.40% 2027', 'BOND', 'OTC'),
('78462F103', 'SPY', 'SPDR S&P 500 ETF', 'ETF', 'NYSE'),
('464287200', 'IVV', 'iShares Core S&P 500', 'ETF', 'NYSE');

INSERT INTO Account (account_id, client_id, opening_date, account_type, status, manager_id) VALUES
('A3K9X2M7P4_01', 'A3K9X2M7P4', '2023-01-15', 'CASH', 'ACTIVE', 'U3K9M'),
('A3K9X2M7P4_02', 'A3K9X2M7P4', '2023-06-20', 'MARGIN', 'ACTIVE', 'U4P8L'),
('B7N4Q8R2L5_01', 'B7N4Q8R2L5', '2023-03-10', 'RETIREMENT', 'ACTIVE', 'U2W7J'),
('C4P8L3W9T6_01', 'C4P8L3W9T6', '2024-01-05', 'CASH', 'ACTIVE', 'U2W7J'),
('D9R5N2K7J3_01', 'D9R5N2K7J3', '2024-03-15', 'MARGIN', 'ACTIVE', 'U3K9M'),
('E2W7J4M8Q1_01', 'E2W7J4M8Q1', '2023-09-01', 'RETIREMENT', 'ACTIVE', 'U4P8L'),
('F6X1V9H3Y7_01', 'F6X1V9H3Y7', '2024-02-20', 'CASH', 'ACTIVE', 'U4P8L'),
('F6X1V9H3Y7_02', 'F6X1V9H3Y7', '2024-05-10', 'MARGIN', 'ACTIVE', 'U2W7J'),
('G8Y4K2N9M5_01', 'G8Y4K2N9M5', '2020-01-01', 'MARGIN', 'ACTIVE', 'U4P8L'),
('G8Y4K2N9M5_02', 'G8Y4K2N9M5', '2021-07-15', 'MARGIN', 'ACTIVE', 'U3K9M'),
('H3Z9T7L4B8_01', 'H3Z9T7L4B8', '2019-05-15', 'MARGIN', 'ACTIVE', 'U4P8L'),
('H3Z9T7L4B8_02', 'H3Z9T7L4B8', '2022-03-20', 'CASH', 'ACTIVE', 'U4P8L'),
('J5N2M8Q6R1_01', 'J5N2M8Q6R1', '2021-03-30', 'CASH', 'ACTIVE', 'U3K9M'),
('K7Q8R3V5W2_01', 'K7Q8R3V5W2', '2022-07-01', 'MARGIN', 'ACTIVE', 'U3K9M'),
('K7Q8R3V5W2_02', 'K7Q8R3V5W2', '2023-11-15', 'CASH', 'ACTIVE', 'U4P8L');

INSERT INTO Bond (cusip, face_value, coupon_rate, maturity_date, issue_date) VALUES
('912828ZT0', 1000.00, 0.0250, '2030-08-15', '2020-08-15'),
('037833AK6', 1000.00, 0.0325, '2025-02-23', '2015-02-23'),
('594918BG4', 1000.00, 0.0240, '2027-08-06', '2017-08-06');

INSERT INTO Trade (trade_id, account_id, cusip, counterparty_id, transaction_type, price, units, trade_date, settlement_date, status) VALUES
('T_251103_A3K9X', 'A3K9X2M7P4_01', '037833100', 'C8M2K', 'BUY', 195.50, 100, '2025-11-03 10:30:00', '2025-11-04', 'SETTLED'),
('T_251103_B7M2Q', 'A3K9X2M7P4_01', '594918104', 'C8M2K', 'BUY', 405.25, 50, '2025-11-03 11:00:00', '2025-11-04', 'SETTLED'),
('T_251103_C4P8L', 'B7N4Q8R2L5_01', '78462F103', 'C2X6V', 'BUY', 455.75, 100, '2025-11-03 14:20:00', '2025-11-04', 'SETTLED'),
('T_251104_D9R5N', 'A3K9X2M7P4_02', '88160R101', 'C3P7L', 'BUY', 250.00, 200, '2025-11-04 09:45:00', '2025-11-05', 'SETTLED'),
('T_251104_E2W7J', 'C4P8L3W9T6_01', '02079K305', 'C9Q4N', 'BUY', 2800.50, 25, '2025-11-04 10:15:00', '2025-11-05', 'SETTLED'),
('T_251105_F6X1V', 'D9R5N2K7J3_01', '30303M102', 'C5W8J', 'BUY', 580.25, 75, '2025-11-05 09:30:00', '2025-11-06', 'SETTLED'),
('T_251105_G8Y4K', 'F6X1V9H3Y7_01', '91324P102', 'C8M2K', 'BUY', 890.00, 50, '2025-11-05 11:45:00', '2025-11-06', 'SETTLED'),
('T_251105_H3Z9T', 'G8Y4K2N9M5_01', '037833100', 'C8M2K', 'BUY', 195.25, 10000, '2025-11-05 13:00:00', '2025-11-06', 'SETTLED'),
('T_251106_J5N2M', 'A3K9X2M7P4_01', '037833100', 'C8M2K', 'SELL', 198.00, 50, '2025-11-06 09:30:00', '2025-11-07', 'SETTLED'),
('T_251106_K7Q8R', 'G8Y4K2N9M5_01', '594918104', 'C3P7L', 'BUY', 404.50, 5000, '2025-11-06 10:00:00', '2025-11-07', 'SETTLED'),
('T_251106_L4M9P', 'H3Z9T7L4B8_01', '78462F103', 'C9Q4N', 'BUY', 455.00, 20000, '2025-11-06 11:30:00', '2025-11-07', 'SETTLED'),
('T_251106_N8K3W', 'J5N2M8Q6R1_01', '46625H100', 'C2X6V', 'BUY', 245.75, 8000, '2025-11-06 14:15:00', '2025-11-07', 'SETTLED'),
('T_251105_P2V7Q', 'K7Q8R3V5W2_01', '912828ZT0', 'C8M2K', 'BUY', 985.50, 1000, '2025-11-05 15:00:00', '2025-11-06', 'SETTLED'),
('T_251106_R6T4Y', 'E2W7J4M8Q1_01', '037833AK6', 'C3P7L', 'BUY', 1015.25, 100, '2025-11-06 16:00:00', '2025-11-07', 'SETTLED'),
('T_251107_S9W2X', 'F6X1V9H3Y7_02', '023135106', 'C5W8J', 'BUY', 185.50, 150, '2025-11-07 09:45:00', '2025-11-08', 'PENDING'),
('T_251107_T3Y8M', 'G8Y4K2N9M5_02', '92826C839', 'C7Y3T', 'BUY', 480.25, 3000, '2025-11-07 10:30:00', '2025-11-08', 'PENDING'),
('T_251107_U7Q5K', 'H3Z9T7L4B8_02', '464287200', 'C2X6V', 'BUY', 460.00, 5000, '2025-11-07 11:00:00', '2025-11-08', 'PENDING'),
('T_251107_V2N9L', 'K7Q8R3V5W2_02', '09247X101', 'C8M2K', 'BUY', 465.75, 2000, '2025-11-07 13:20:00', '2025-11-08', 'PENDING'),
('T_251107_W5P3R', 'A3K9X2M7P4_02', '88160R101', 'C3P7L', 'SELL', 252.50, 100, '2025-11-07 14:00:00', '2025-11-08', 'PENDING'),
('T_251107_X8M7B', 'J5N2M8Q6R1_01', '594918BG4', 'C1N5M', 'BUY', 980.00, 500, '2025-11-07 15:30:00', '2025-11-08', 'PENDING');

INSERT INTO Lot (lot_id, trade_id, account_id, cusip, units, cost_basis, acquisition_date) VALUES
('L3K9X', 'T_251103_A3K9X', 'A3K9X2M7P4_01', '037833100', 100, 19550.00, '2025-11-04'),
('L7M2Q', 'T_251103_B7M2Q', 'A3K9X2M7P4_01', '594918104', 50, 20262.50, '2025-11-04'),
('L4P8L', 'T_251103_C4P8L', 'B7N4Q8R2L5_01', '78462F103', 100, 45575.00, '2025-11-04'),
('L9R5N', 'T_251104_D9R5N', 'A3K9X2M7P4_02', '88160R101', 200, 50000.00, '2025-11-05'),
('L2W7J', 'T_251104_E2W7J', 'C4P8L3W9T6_01', '02079K305', 25, 70012.50, '2025-11-05'),
('L6X1V', 'T_251105_F6X1V', 'D9R5N2K7J3_01', '30303M102', 75, 43518.75, '2025-11-06'),
('L8Y4K', 'T_251105_G8Y4K', 'F6X1V9H3Y7_01', '91324P102', 50, 44500.00, '2025-11-06'),
('L3Z9T', 'T_251105_H3Z9T', 'G8Y4K2N9M5_01', '037833100', 10000, 1952500.00, '2025-11-06'),
('L2V7Q', 'T_251105_P2V7Q', 'K7Q8R3V5W2_01', '912828ZT0', 1000, 985500.00, '2025-11-06'),
('L7Q8R', 'T_251106_K7Q8R', 'G8Y4K2N9M5_01', '594918104', 5000, 2022500.00, '2025-11-07'),
('L4M9P', 'T_251106_L4M9P', 'H3Z9T7L4B8_01', '78462F103', 20000, 9100000.00, '2025-11-07'),
('L8K3W', 'T_251106_N8K3W', 'J5N2M8Q6R1_01', '46625H100', 8000, 1966000.00, '2025-11-07'),
('L6T4Y', 'T_251106_R6T4Y', 'E2W7J4M8Q1_01', '037833AK6', 100, 101525.00, '2025-11-07'),
('L9W2X', 'T_251107_S9W2X', 'F6X1V9H3Y7_02', '023135106', 150, 27825.00, '2025-11-08'),
('L3Y8M', 'T_251107_T3Y8M', 'G8Y4K2N9M5_02', '92826C839', 3000, 1440750.00, '2025-11-08'),
('L7Q5K', 'T_251107_U7Q5K', 'H3Z9T7L4B8_02', '464287200', 5000, 2300000.00, '2025-11-08'),
('L2N9L', 'T_251107_V2N9L', 'K7Q8R3V5W2_02', '09247X101', 2000, 931500.00, '2025-11-08'),
('L8M7B', 'T_251107_X8M7B', 'J5N2M8Q6R1_01', '594918BG4', 500, 490000.00, '2025-11-08');

INSERT INTO Journal (journal_id, trade_id, account_id, journal_type, amount, entry_date) VALUES
('J_251104_M2K9L', 'T_251103_A3K9X', 'A3K9X2M7P4_01', 'CREDIT', 19550.00, '2025-11-04'),
('J_251104_N5P3Q', 'T_251103_B7M2Q', 'A3K9X2M7P4_01', 'CREDIT', 20262.50, '2025-11-04'),
('J_251104_R7W8T', 'T_251103_C4P8L', 'B7N4Q8R2L5_01', 'CREDIT', 45575.00, '2025-11-04'),
('J_251105_S3X4V', 'T_251104_D9R5N', 'A3K9X2M7P4_02', 'CREDIT', 50000.00, '2025-11-05'),
('J_251105_T9Y2K', 'T_251104_E2W7J', 'C4P8L3W9T6_01', 'CREDIT', 70012.50, '2025-11-05'),
('J_251106_U4Z6M', 'T_251105_F6X1V', 'D9R5N2K7J3_01', 'CREDIT', 43518.75, '2025-11-06'),
('J_251106_V8A3N', 'T_251105_G8Y4K', 'F6X1V9H3Y7_01', 'CREDIT', 44500.00, '2025-11-06'),
('J_251106_W2B7P', 'T_251105_H3Z9T', 'G8Y4K2N9M5_01', 'CREDIT', 1952500.00, '2025-11-06'),
('J_251106_X6C4Q', 'T_251105_P2V7Q', 'K7Q8R3V5W2_01', 'CREDIT', 985500.00, '2025-11-06'),
('J_251107_Y9D8R', 'T_251106_J5N2M', 'A3K9X2M7P4_01', 'DEBIT', 9900.00, '2025-11-07'),
('J_251107_Z1E5S', 'T_251106_K7Q8R', 'G8Y4K2N9M5_01', 'CREDIT', 2022500.00, '2025-11-07'),
('J_251107_A2F6T', 'T_251106_L4M9P', 'H3Z9T7L4B8_01', 'CREDIT', 9100000.00, '2025-11-07'),
('J_251107_B3G7U', 'T_251106_N8K3W', 'J5N2M8Q6R1_01', 'CREDIT', 1966000.00, '2025-11-07'),
('J_251107_C4H8V', 'T_251106_R6T4Y', 'E2W7J4M8Q1_01', 'CREDIT', 101525.00, '2025-11-07'),
('J_251108_D5J9W', 'T_251107_S9W2X', 'F6X1V9H3Y7_02', 'CREDIT', 27825.00, '2025-11-08'),
('J_251108_E6K1X', 'T_251107_T3Y8M', 'G8Y4K2N9M5_02', 'CREDIT', 1440750.00, '2025-11-08'),
('J_251108_F7L2Y', 'T_251107_U7Q5K', 'H3Z9T7L4B8_02', 'CREDIT', 2300000.00, '2025-11-08'),
('J_251108_G8M3Z', 'T_251107_V2N9L', 'K7Q8R3V5W2_02', 'CREDIT', 931500.00, '2025-11-08'),
('J_251108_H9N4A', 'T_251107_W5P3R', 'A3K9X2M7P4_02', 'DEBIT', 25250.00, '2025-11-08'),
('J_251108_J1P5B', 'T_251107_X8M7B', 'J5N2M8Q6R1_01', 'CREDIT', 490000.00, '2025-11-08');

INSERT INTO Position (account_id, cusip, as_of_date, units) VALUES
('A3K9X2M7P4_01', '037833100', '2025-11-08', 50),
('A3K9X2M7P4_01', '594918104', '2025-11-08', 50),
('A3K9X2M7P4_02', '88160R101', '2025-11-08', 100),
('B7N4Q8R2L5_01', '78462F103', '2025-11-08', 100),
('C4P8L3W9T6_01', '02079K305', '2025-11-08', 25),
('D9R5N2K7J3_01', '30303M102', '2025-11-08', 75),
('E2W7J4M8Q1_01', '037833AK6', '2025-11-08', 100),
('F6X1V9H3Y7_01', '91324P102', '2025-11-08', 50),
('F6X1V9H3Y7_02', '023135106', '2025-11-08', 150),
('G8Y4K2N9M5_01', '037833100', '2025-11-08', 10000),
('G8Y4K2N9M5_01', '594918104', '2025-11-08', 5000),
('G8Y4K2N9M5_02', '92826C839', '2025-11-08', 3000),
('H3Z9T7L4B8_01', '78462F103', '2025-11-08', 20000),
('H3Z9T7L4B8_02', '464287200', '2025-11-08', 5000),
('J5N2M8Q6R1_01', '46625H100', '2025-11-08', 8000),
('J5N2M8Q6R1_01', '594918BG4', '2025-11-08', 500),
('K7Q8R3V5W2_01', '912828ZT0', '2025-11-08', 1000),
('K7Q8R3V5W2_02', '09247X101', '2025-11-08', 2000);

INSERT INTO CorporateAction (action_id, cusip, action_type, ex_date, record_date, pay_date, adjustment_factor, new_symbol) VALUES
('CA_240830_APL2X', '037833100', 'SPLIT', '2024-08-30', '2024-08-31', '2024-09-01', 2.000000, NULL),
('CA_240915_MSDIV', '594918104', 'DIVIDEND', '2024-09-15', '2024-09-16', '2024-09-30', 0.750000, NULL),
('CA_211028_FBMTA', '30303M102', 'SYMBOL_CHANGE', '2021-10-28', '2021-10-28', '2021-10-29', 1.000000, 'META'),
('CA_220825_TSL3X', '88160R101', 'SPLIT', '2022-08-25', '2022-08-26', '2022-08-31', 3.000000, NULL),
('CA_231215_JPMSP', '46625H100', 'DIVIDEND', '2023-12-15', '2023-12-18', '2023-12-29', 2.500000, NULL);

INSERT INTO MarketData (cusip, price_date, open_price, daily_high, daily_low, close_price, volume) VALUES
('037833100', '2025-11-03', 194.25, 196.80, 193.50, 195.75, 52340000),
('594918104', '2025-11-03', 403.50, 407.25, 402.00, 405.80, 23450000),
('023135106', '2025-11-03', 183.20, 186.50, 182.75, 185.00, 38900000),
('02079K305', '2025-11-03', 2785.00, 2810.00, 2780.50, 2798.75, 18750000),
('88160R101', '2025-11-03', 248.50, 252.75, 247.00, 250.25, 95600000),
('30303M102', '2025-11-03', 575.00, 582.50, 574.25, 580.00, 15230000),
('91324P102', '2025-11-03', 885.00, 895.25, 883.50, 890.75, 42100000),
('46625H100', '2025-11-03', 244.00, 247.50, 243.25, 246.00, 11200000),
('92826C839', '2025-11-03', 478.25, 482.00, 477.50, 480.50, 6500000),
('09247X101', '2025-11-03', 463.00, 467.25, 462.50, 465.00, 3200000),
('912828ZT0', '2025-11-03', 984.50, 986.00, 984.00, 985.25, 150000),
('037833AK6', '2025-11-03', 1014.00, 1016.50, 1014.00, 1015.75, 25000),
('594918BG4', '2025-11-03', 978.50, 981.00, 978.00, 980.25, 35000),
('78462F103', '2025-11-03', 454.00, 457.00, 453.50, 455.50, 89500000),
('464287200', '2025-11-03', 458.25, 461.50, 458.00, 460.25, 12300000),
('037833100', '2025-11-04', 195.75, 198.20, 195.00, 197.50, 48500000),
('594918104', '2025-11-04', 405.80, 408.50, 404.25, 407.00, 21800000),
('023135106', '2025-11-04', 185.00, 187.75, 184.50, 186.80, 41200000),
('02079K305', '2025-11-04', 2798.75, 2815.00, 2795.00, 2805.50, 17900000),
('88160R101', '2025-11-04', 250.25, 253.50, 249.00, 251.75, 87300000),
('30303M102', '2025-11-04', 580.00, 585.25, 578.50, 583.00, 14800000),
('91324P102', '2025-11-04', 890.75, 898.00, 889.00, 895.50, 39500000),
('46625H100', '2025-11-04', 246.00, 248.75, 245.50, 247.25, 10800000),
('92826C839', '2025-11-04', 480.50, 483.25, 479.75, 482.00, 6200000),
('09247X101', '2025-11-04', 465.00, 468.50, 464.25, 467.00, 2900000),
('912828ZT0', '2025-11-04', 985.25, 987.00, 985.00, 986.50, 175000),
('037833AK6', '2025-11-04', 1015.75, 1017.00, 1015.00, 1016.25, 28000),
('594918BG4', '2025-11-04', 980.25, 982.50, 980.00, 981.75, 32000),
('78462F103', '2025-11-04', 455.50, 458.25, 455.00, 457.00, 92100000),
('464287200', '2025-11-04', 460.25, 463.00, 460.00, 462.00, 11500000),
('037833100', '2025-11-05', 197.50, 199.25, 196.75, 198.50, 51200000),
('594918104', '2025-11-05', 407.00, 409.75, 406.25, 408.50, 22900000),
('023135106', '2025-11-05', 186.80, 188.50, 186.00, 187.75, 43800000),
('02079K305', '2025-11-05', 2805.50, 2820.00, 2802.00, 2812.25, 19200000),
('88160R101', '2025-11-05', 251.75, 255.00, 250.50, 253.25, 91700000),
('30303M102', '2025-11-05', 583.00, 588.00, 582.00, 586.50, 15600000),
('91324P102', '2025-11-05', 895.50, 902.00, 894.00, 899.25, 41300000),
('46625H100', '2025-11-05', 247.25, 249.50, 246.75, 248.50, 11500000),
('92826C839', '2025-11-05', 482.00, 485.00, 481.25, 483.75, 6700000),
('09247X101', '2025-11-05', 467.00, 469.75, 466.50, 468.25, 3100000),
('912828ZT0', '2025-11-05', 986.50, 988.00, 986.00, 987.25, 160000),
('037833AK6', '2025-11-05', 1016.25, 1018.00, 1016.00, 1017.50, 30000),
('594918BG4', '2025-11-05', 981.75, 983.50, 981.50, 982.50, 38000),
('78462F103', '2025-11-05', 457.00, 459.50, 456.50, 458.25, 88700000),
('464287200', '2025-11-05', 462.00, 464.75, 461.75, 463.50, 12800000),
('037833100', '2025-11-06', 198.50, 200.75, 197.25, 199.25, 49800000),
('594918104', '2025-11-06', 408.50, 411.00, 407.75, 410.00, 24100000),
('023135106', '2025-11-06', 187.75, 189.25, 187.00, 188.50, 40200000),
('02079K305', '2025-11-06', 2812.25, 2825.00, 2808.50, 2818.00, 18500000),
('88160R101', '2025-11-06', 253.25, 256.50, 252.00, 254.75, 88900000),
('30303M102', '2025-11-06', 586.50, 591.00, 585.50, 589.25, 16200000),
('91324P102', '2025-11-06', 899.25, 905.50, 898.00, 903.00, 43700000),
('46625H100', '2025-11-06', 248.50, 250.25, 248.00, 249.75, 10900000),
('92826C839', '2025-11-06', 483.75, 486.50, 483.00, 485.25, 6400000),
('09247X101', '2025-11-06', 468.25, 470.50, 467.75, 469.50, 2800000),
('912828ZT0', '2025-11-06', 987.25, 989.00, 987.00, 988.00, 155000),
('037833AK6', '2025-11-06', 1017.50, 1019.00, 1017.25, 1018.25, 27000),
('594918BG4', '2025-11-06', 982.50, 984.00, 982.25, 983.25, 35000),
('78462F103', '2025-11-06', 458.25, 460.75, 457.75, 459.50, 85300000),
('464287200', '2025-11-06', 463.50, 465.75, 463.00, 464.75, 11900000),
('037833100', '2025-11-07', 199.25, 201.00, 198.50, 200.25, 53100000),
('594918104', '2025-11-07', 410.00, 412.50, 409.25, 411.75, 25300000),
('023135106', '2025-11-07', 188.50, 190.00, 188.00, 189.50, 42500000),
('02079K305', '2025-11-07', 2818.00, 2830.00, 2815.00, 2825.50, 19800000),
('88160R101', '2025-11-07', 254.75, 258.00, 253.50, 256.25, 93200000),
('30303M102', '2025-11-07', 589.25, 593.50, 588.00, 592.00, 17100000),
('91324P102', '2025-11-07', 903.00, 908.00, 901.50, 906.50, 45200000),
('46625H100', '2025-11-07', 249.75, 251.50, 249.25, 250.75, 11700000),
('92826C839', '2025-11-07', 485.25, 488.00, 484.50, 486.75, 6800000),
('09247X101', '2025-11-07', 469.50, 471.75, 469.00, 470.50, 3000000),
('912828ZT0', '2025-11-07', 988.00, 989.50, 987.50, 988.75, 165000),
('037833AK6', '2025-11-07', 1018.25, 1020.00, 1018.00, 1019.00, 29000),
('594918BG4', '2025-11-07', 983.25, 985.00, 983.00, 984.00, 37000),
('78462F103', '2025-11-07', 459.50, 461.75, 459.00, 460.75, 91600000),
('464287200', '2025-11-07', 464.75, 467.00, 464.50, 466.00, 13200000);